<?xml version="1.0" encoding="UTF-8"?>
<beans xmlns="http://www.springframework.org/schema/beans"
	xmlns:xsi="http://www.w3.org/2001/XMLSchema-instance"
	xmlns:context="http://www.springframework.org/schema/context"
	xmlns:mvc="http://www.springframework.org/schema/mvc"
	xsi:schemaLocation="http://www.springframework.org/schema/beans http://www.springframework.org/schema/beans/spring-beans-3.2.xsd
		http://www.springframework.org/schema/context http://www.springframework.org/schema/context/spring-context-3.2.xsd
		http://www.springframework.org/schema/mvc http://www.springframework.org/schema/mvc/spring-mvc-3.2.xsd">

	<!-- RESTful 웹서비스를 위한 설정 -->
	<mvc:annotation-driven/>
	
	<mvc:default-servlet-handler/>

	<!-- ViewResolver 설정 -->
	<bean id="ViewResolver" class="org.springframework.web.servlet.view.InternalResourceViewResolver">
		<property name="prefix" value="/"/>
		<property name="suffix" value=".jsp"/>
	</bean>
	
	<bean id="jsonHttpMessageConverter"
	      class="org.springframework.http.converter.json.MappingJacksonHttpMessageConverter"/>
	
	<bean class="org.springframework.web.servlet.mvc.annotation.AnnotationMethodHandlerAdapter">
		<property name="messageConverters">
			<list>
				<ref bean="jsonHttpMessageConverter"/>
			</list>
		</property>
	</bean>
</beans>
